<?xml version="1.0" encoding="UTF-8"?>
<!DOCTYPE mapper
  PUBLIC "-//mybatis.org//DTD Mapper 3.0//EN"
  "http://mybatis.org/dtd/mybatis-3-mapper.dtd">

<mapper namespace="com.ssafy.pjt.model.dao.VideoDao">

    <select id="selectAll" resultType="Video">
        SELECT * FROM video ORDER BY upload_date DESC
    </select>

    <select id="selectById" parameterType="int" resultType="Video">
        SELECT * FROM video WHERE video_no = #{videoNo}
    </select>

    <insert id="insert" parameterType="Video">
        INSERT INTO video (video_title, channel_name, view_count, upload_date, video_like, field, fitness_part_no)
        VALUES (#{videoTitle}, #{channelName}, #{viewCount}, #{uploadDate}, #{videoLike}, #{field}, #{fitnessPartNo})
    </insert>

    <update id="update" parameterType="Video">
        UPDATE video
        SET video_title = #{videoTitle},
            channel_name = #{channelName},
            view_count = #{viewCount},
            upload_date = #{uploadDate},
            video_like = #{videoLike},
            field = #{field},
            fitness_part_no = #{fitnessPartNo}
        WHERE video_no = #{videoNo}
    </update>

    <delete id="delete" parameterType="int">
        DELETE FROM video WHERE video_no = #{videoNo}
    </delete>

    <select id="searchByTitle" parameterType="string" resultType="Video">
        SELECT * FROM video
        WHERE video_title LIKE CONCAT('%', #{keyword}, '%')
    </select>

</mapper>